employee_id,employee_name,age,gender,department_id,salary,joining_date,city
101,"Aarav Sharma",25,Male,1,45000.00,2024-01-15,Mumbai
102,"Priya Mehta",28,Female,2,52000.00,2023-07-12,Pune
103,"Rohan Verma",31,Male,3,60000.00,2022-03-20,Delhi
104,"Sneha Patil",27,Female,4,48000.00,2024-02-11,Mumbai
105,"Karan Singh",35,Male,5,75000.00,2021-11-18,Bangalore
106,"Anjali Desai",29,Female,2,55000.00,2023-08-01,Ahmedabad
107,"Vikram Joshi",33,Male,6,67000.00,2022-05-14,Pune
108,"Neha Kapoor",26,Female,7,49000.00,2024-01-30,Chennai
109,"Rahul Nair",30,Male,1,58000.00,2022-09-21,Hyderabad
110,"Pooja Kulkarni",32,Female,8,72000.00,2021-12-10,Mumbai
111,"Aditya Rao",24,Male,3,43000.00,2024-03-01,Bangalore
112,"Simran Kaur",29,Female,4,51000.00,2023-06-19,Delhi
113,"Manish Gupta",36,Male,5,80000.00,2020-10-15,Noida
114,"Isha Shah",27,Female,6,54000.00,2023-04-25,Surat
115,"Arjun Mishra",34,Male,2,65000.00,2021-08-09,Lucknow
116,"Ritika Sen",28,Female,7,50000.00,2022-11-16,Kolkata
117,"Siddharth Jain",31,Male,8,69000.00,2021-07-13,Jaipur
118,"Meera Iyer",26,Female,1,47000.00,2024-02-28,Chennai
119,"Yash Thakur",29,Male,3,56000.00,2022-06-17,Indore
120,"Kavya Reddy",25,Female,2,46000.00,2024-01-05,Hyderabad
121,"Nikhil Agarwal",37,Male,5,85000.00,2020-05-22,Delhi
122,"Shruti Malhotra",30,Female,4,59000.00,2022-08-11,Mumbai
123,"Harsh Vardhan",28,Male,6,53000.00,2023-09-03,Patna
124,"Aditi Chavan",27,Female,7,51000.00,2023-01-14,Pune
125,"Dev Malhotra",32,Male,8,71000.00,2021-04-27,Chandigarh
126,"Tanvi Kulkarni",24,Female,1,44000.00,2024-03-10,Nagpur
127,"Rajesh Yadav",35,Male,3,76000.00,2021-02-18,Delhi
128,"Naina Arora",29,Female,2,57000.00,2022-10-07,Mumbai
129,"Aman Khanna",33,Male,6,64000.00,2021-09-29,Bangalore
130,"Bhavna Shetty",26,Female,4,49500.00,2023-12-20,Mangalore
